name, winner, A, B, C, D, E, F, G, H, I, J, K, L, M, N, O, P, Q, R, S, T, U, V, W, X, Y, Z, Total, Vowles, Consenents, percent, doubledV, score
Ed Pednault, - , 1, 0, 0, 2, 2, 0, 0, 0, 0, 0, 0, 1, 0, 1, 0, 1, 0, 0, 0, 1, 1, 0, 0, 0, 0, 0, 10, 4, 6, 0.4, 1, 92
Neela Khan, + , 2, 0, 0, 0, 2, 0, 0, 1, 0, 0, 1, 1, 0, 2, 0, 0, 0, 0, 0, 0, 0, 0, 0, 0, 0, 0, 9, 4, 5, 0.4444444444444444, 2, 62
Bir Bhanu, + , 1, 2, 0, 0, 0, 0, 0, 1, 1, 0, 0, 0, 0, 1, 0, 0, 0, 1, 0, 0, 1, 0, 0, 0, 0, 0, 8, 3, 5, 0.375, 0, 67
Arlindo Oliveira, - , 2, 0, 0, 1, 1, 0, 0, 0, 3, 0, 0, 2, 0, 1, 2, 0, 0, 2, 0, 0, 0, 1, 0, 0, 0, 0, 15, 8, 7, 0.5333333333333333, 3, 149
Irina Tchoumatchenko, - , 2, 0, 2, 0, 1, 0, 0, 2, 2, 0, 1, 0, 1, 2, 2, 0, 0, 1, 0, 2, 1, 0, 0, 0, 0, 0, 19, 8, 11, 0.42105263157894735, 3, 189
Robert C. Holte, + , 0, 1, 1, 0, 2, 0, 0, 1, 0, 0, 0, 1, 0, 0, 2, 0, 0, 2, 0, 2, 0, 0, 0, 0, 0, 0, 12, 4, 8, 0.3333333333333333, 2, 129
Michele Sebag, + , 1, 1, 1, 0, 3, 0, 1, 1, 1, 0, 0, 1, 1, 0, 0, 0, 0, 0, 1, 0, 0, 0, 0, 0, 0, 0, 12, 5, 7, 0.4166666666666667, 1, 77
Jorg-Uwe Kietz, + , 0, 0, 0, 0, 2, 0, 1, 0, 1, 1, 1, 0, 0, 0, 1, 0, 0, 1, 0, 1, 1, 0, 1, 0, 0, 1, 12, 5, 7, 0.4166666666666667, 1, 158
Yoshifumi Sakai, + , 2, 0, 0, 0, 0, 1, 0, 1, 3, 0, 1, 0, 1, 0, 1, 0, 0, 0, 2, 0, 1, 0, 0, 0, 1, 0, 14, 7, 7, 0.5, 2, 152
Thomas E. Kammeyer, - , 2, 0, 0, 0, 3, 0, 0, 1, 0, 0, 1, 0, 3, 0, 1, 0, 0, 1, 1, 1, 0, 0, 0, 0, 1, 0, 15, 6, 9, 0.4, 2, 157
Yoav Freund, + , 1, 0, 0, 1, 1, 1, 0, 0, 0, 0, 0, 0, 0, 1, 1, 0, 0, 1, 0, 0, 1, 1, 0, 0, 1, 0, 10, 4, 6, 0.4, 0, 121
R. Andrew McCallum, - , 2, 0, 2, 1, 1, 0, 0, 0, 0, 0, 0, 2, 2, 1, 0, 0, 0, 2, 0, 0, 1, 0, 1, 0, 0, 0, 15, 4, 11, 0.26666666666666666, 1, 146
Jonathan Gratch, + , 3, 0, 1, 0, 0, 0, 1, 2, 0, 1, 0, 0, 0, 2, 1, 0, 0, 1, 0, 2, 0, 0, 0, 0, 0, 0, 14, 4, 10, 0.2857142857142857, 1, 126
Margo Guertin, + , 1, 0, 0, 0, 1, 0, 2, 0, 1, 0, 0, 0, 1, 1, 1, 0, 0, 2, 0, 1, 1, 0, 0, 0, 0, 0, 12, 5, 7, 0.4166666666666667, 0, 136
Huw Roberts, + , 0, 1, 0, 0, 1, 0, 0, 1, 0, 0, 0, 0, 0, 0, 1, 0, 0, 2, 1, 1, 1, 0, 1, 0, 0, 0, 10, 3, 7, 0.3, 0, 139
Sally Goldman, + , 2, 0, 0, 1, 0, 0, 1, 0, 0, 0, 0, 3, 1, 1, 1, 0, 0, 0, 1, 0, 0, 0, 0, 0, 1, 0, 12, 3, 9, 0.25, 1, 123
Bhaskar Dasgupta, - , 4, 1, 0, 1, 0, 0, 1, 1, 0, 0, 1, 0, 0, 0, 0, 1, 0, 1, 2, 1, 1, 0, 0, 0, 0, 0, 15, 5, 10, 0.3333333333333333, 1, 134
Fernando Pereira, + , 2, 0, 0, 1, 3, 1, 0, 0, 1, 0, 0, 0, 0, 2, 1, 1, 0, 3, 0, 0, 0, 0, 0, 0, 0, 0, 15, 7, 8, 0.4666666666666667, 2, 134
Nina Mishra, + , 2, 0, 0, 0, 0, 0, 0, 1, 2, 0, 0, 0, 1, 2, 0, 0, 0, 1, 1, 0, 0, 0, 0, 0, 0, 0, 10, 4, 6, 0.4, 2, 96
Wray Buntine, - , 1, 1, 0, 0, 1, 0, 0, 0, 1, 0, 0, 0, 0, 2, 0, 0, 0, 1, 0, 1, 1, 0, 1, 0, 1, 0, 11, 4, 7, 0.36363636363636365, 0, 141
William A. Greene, + , 2, 0, 0, 0, 3, 0, 1, 0, 2, 0, 0, 2, 1, 1, 0, 0, 0, 1, 0, 0, 0, 0, 1, 0, 0, 0, 14, 7, 7, 0.5, 3, 120
Yolanda Gil, + , 2, 0, 0, 1, 0, 0, 1, 0, 1, 0, 0, 2, 0, 1, 1, 0, 0, 0, 0, 0, 0, 0, 0, 0, 1, 0, 10, 4, 6, 0.4, 1, 90
Chris Drummond, - , 0, 0, 1, 2, 0, 0, 0, 1, 1, 0, 0, 0, 2, 1, 1, 0, 0, 2, 1, 0, 1, 0, 0, 0, 0, 0, 13, 3, 10, 0.23076923076923078, 0, 146
Claude Sammut, - , 2, 0, 1, 1, 1, 0, 0, 0, 0, 0, 0, 1, 2, 0, 0, 0, 0, 0, 1, 1, 2, 0, 0, 0, 0, 0, 12, 5, 7, 0.4166666666666667, 2, 121
Charles X. Ling, - , 1, 0, 1, 0, 1, 0, 1, 1, 1, 0, 0, 2, 0, 1, 0, 0, 0, 1, 1, 0, 0, 0, 0, 1, 0, 0, 12, 3, 9, 0.25, 0, 120
Sanjay Jain, + , 3, 0, 0, 0, 0, 0, 0, 0, 1, 2, 0, 0, 0, 2, 0, 0, 0, 0, 1, 0, 0, 0, 0, 0, 1, 0, 10, 4, 6, 0.4, 1, 94
Stefan Kramer, - , 2, 0, 0, 0, 2, 1, 0, 0, 0, 0, 1, 0, 1, 1, 0, 0, 0, 2, 1, 1, 0, 0, 0, 0, 0, 0, 12, 4, 8, 0.3333333333333333, 2, 119
Cristina Baroglio, - , 2, 1, 1, 0, 0, 0, 1, 0, 3, 0, 0, 1, 0, 1, 2, 0, 0, 2, 1, 1, 0, 0, 0, 0, 0, 0, 16, 7, 9, 0.4375, 3, 156
Dwight Schrute, + , 0, 0, 1, 1, 1, 0, 1, 2, 1, 0, 0, 0, 0, 0, 0, 0, 0, 1, 1, 2, 1, 0, 1, 0, 0, 0, 13, 3, 10, 0.23076923076923078, 0, 152
Leslie Pack Kaelbling, + , 2, 1, 1, 0, 3, 0, 1, 0, 2, 0, 2, 4, 0, 1, 0, 1, 0, 0, 1, 0, 0, 0, 0, 0, 0, 0, 19, 7, 12, 0.3684210526315789, 3, 147
Philip Chan, - , 1, 0, 1, 0, 0, 0, 0, 2, 2, 0, 0, 1, 0, 1, 0, 2, 0, 0, 0, 0, 0, 0, 0, 0, 0, 0, 10, 3, 7, 0.3, 1, 86
Yishay Mansour, + , 2, 0, 0, 0, 0, 0, 0, 1, 1, 0, 0, 0, 1, 1, 1, 0, 0, 1, 2, 0, 1, 0, 0, 0, 2, 0, 13, 5, 8, 0.38461538461538464, 1, 175
Michael I. Jordan, + , 2, 0, 1, 1, 1, 0, 0, 1, 2, 1, 0, 1, 1, 1, 1, 0, 0, 1, 0, 0, 0, 0, 0, 0, 0, 0, 14, 6, 8, 0.42857142857142855, 2, 108
Patrick M. Murphy, + , 1, 0, 1, 0, 0, 0, 0, 1, 1, 0, 1, 0, 2, 0, 0, 2, 0, 2, 0, 1, 1, 0, 0, 0, 1, 0, 14, 3, 11, 0.21428571428571427, 0, 178
Karsten Verbeurgt, + , 1, 1, 0, 0, 3, 0, 1, 0, 0, 0, 1, 0, 0, 1, 0, 0, 0, 3, 1, 2, 1, 1, 0, 0, 0, 0, 16, 5, 11, 0.3125, 1, 190
Attilio Giordana, - , 3, 0, 0, 1, 0, 0, 1, 0, 3, 0, 0, 1, 0, 1, 2, 0, 0, 1, 0, 2, 0, 0, 0, 0, 0, 0, 15, 8, 7, 0.5333333333333333, 3, 140
Gerald F. DeJong, + , 1, 0, 0, 2, 2, 1, 2, 0, 0, 1, 0, 1, 0, 1, 1, 0, 0, 1, 0, 0, 0, 0, 0, 0, 0, 0, 13, 4, 9, 0.3076923076923077, 1, 95
Thomas Zeugmann, - , 2, 0, 0, 0, 1, 0, 1, 1, 0, 0, 0, 0, 2, 2, 1, 0, 0, 0, 1, 1, 1, 0, 0, 0, 0, 1, 14, 5, 9, 0.35714285714285715, 1, 163
Mandayam T. Suraj, + , 4, 0, 0, 1, 0, 0, 0, 0, 0, 1, 0, 0, 2, 1, 0, 0, 0, 1, 1, 1, 1, 0, 0, 0, 1, 0, 14, 5, 9, 0.35714285714285715, 1, 147
Michael Littman, + , 2, 0, 1, 0, 1, 0, 0, 1, 2, 0, 0, 2, 2, 1, 0, 0, 0, 0, 0, 2, 0, 0, 0, 0, 0, 0, 14, 5, 9, 0.35714285714285715, 2, 126
Shaul Markovitch, - , 2, 0, 1, 0, 0, 0, 0, 2, 1, 0, 1, 1, 1, 0, 1, 0, 0, 1, 1, 1, 1, 1, 0, 0, 0, 0, 15, 5, 10, 0.3333333333333333, 1, 166
Eric Allender, - , 1, 0, 1, 1, 3, 0, 0, 0, 1, 0, 0, 2, 0, 1, 0, 0, 0, 2, 0, 0, 0, 0, 0, 0, 0, 0, 12, 5, 7, 0.4166666666666667, 1, 94
Cullen Schaffer, + , 1, 0, 2, 0, 2, 2, 0, 1, 0, 0, 0, 2, 0, 1, 0, 0, 0, 1, 1, 0, 1, 0, 0, 0, 0, 0, 14, 4, 10, 0.2857142857142857, 1, 119
Roberto Piola, + , 1, 1, 0, 0, 1, 0, 0, 0, 1, 0, 0, 1, 0, 0, 3, 1, 0, 2, 0, 1, 0, 0, 0, 0, 0, 0, 12, 6, 6, 0.5, 1, 134
Nader Bshouty, + , 1, 1, 0, 1, 1, 0, 0, 1, 0, 0, 0, 0, 0, 1, 1, 0, 0, 1, 1, 1, 1, 0, 0, 0, 1, 0, 12, 4, 8, 0.3333333333333333, 0, 140
Bruce A. MacDonald, - , 3, 1, 2, 2, 1, 0, 0, 0, 0, 0, 0, 1, 1, 1, 1, 0, 0, 1, 0, 0, 1, 0, 0, 0, 0, 0, 15, 6, 9, 0.4, 1, 102
Kamal M. Ali, + , 3, 0, 0, 0, 0, 0, 0, 0, 1, 0, 1, 2, 2, 0, 0, 0, 0, 0, 0, 0, 0, 0, 0, 0, 0, 0, 9, 4, 5, 0.4444444444444444, 1, 64
Foster J. Provost, + , 0, 0, 0, 0, 1, 1, 0, 0, 0, 1, 0, 0, 0, 0, 3, 1, 0, 2, 2, 2, 0, 1, 0, 0, 0, 0, 14, 4, 10, 0.2857142857142857, 1, 204
Wolfgang Janko, + , 2, 0, 0, 0, 0, 1, 2, 0, 0, 1, 1, 1, 0, 2, 2, 0, 0, 0, 0, 0, 0, 0, 1, 0, 0, 0, 13, 4, 9, 0.3076923076923077, 2, 123
Seth Flanders, + , 1, 0, 0, 1, 2, 1, 0, 1, 0, 0, 0, 1, 0, 1, 0, 0, 0, 1, 2, 1, 0, 0, 0, 0, 0, 0, 12, 3, 9, 0.25, 1, 119
Peter Bartlett, + , 1, 1, 0, 0, 3, 0, 0, 0, 0, 0, 0, 1, 0, 0, 0, 1, 0, 2, 0, 4, 0, 0, 0, 0, 0, 0, 13, 4, 9, 0.3076923076923077, 1, 149
Craig Knoblock, - , 1, 1, 2, 0, 0, 0, 1, 0, 1, 0, 2, 1, 0, 1, 2, 0, 0, 1, 0, 0, 0, 0, 0, 0, 0, 0, 13, 4, 9, 0.3076923076923077, 1, 108
Earl S. Harris Jr., + , 2, 0, 0, 0, 1, 0, 0, 1, 1, 1, 0, 1, 0, 0, 0, 0, 0, 4, 2, 0, 0, 0, 0, 0, 0, 0, 13, 4, 9, 0.3076923076923077, 1, 143
Prasad Tadepalli, - , 4, 0, 0, 2, 1, 0, 0, 0, 1, 0, 0, 2, 0, 0, 0, 2, 0, 1, 1, 1, 0, 0, 0, 0, 0, 0, 15, 6, 9, 0.4, 1, 124
Stan Matwin, - , 2, 0, 0, 0, 0, 0, 0, 0, 1, 0, 0, 0, 1, 2, 0, 0, 0, 0, 1, 2, 0, 0, 1, 0, 0, 0, 10, 3, 7, 0.3, 1, 124
Pascal Koiran, + , 3, 0, 1, 0, 0, 0, 0, 0, 1, 0, 1, 1, 0, 1, 1, 1, 0, 1, 1, 0, 0, 0, 0, 0, 0, 0, 12, 5, 7, 0.4166666666666667, 1, 108
Sandra Panizza, + , 4, 0, 0, 1, 0, 0, 0, 0, 1, 0, 0, 0, 0, 2, 0, 1, 0, 1, 1, 0, 0, 0, 0, 0, 0, 2, 13, 5, 8, 0.38461538461538464, 1, 137
George Berg, + , 0, 1, 0, 0, 3, 0, 3, 0, 0, 0, 0, 0, 0, 0, 1, 0, 0, 2, 0, 0, 0, 0, 0, 0, 0, 0, 10, 4, 6, 0.4, 1, 79
Stephen Kwek, - , 0, 0, 0, 0, 3, 0, 0, 1, 0, 0, 2, 0, 0, 1, 0, 1, 0, 0, 1, 1, 0, 0, 1, 0, 0, 0, 11, 3, 8, 0.2727272727272727, 1, 126
J. R. Quinlan, - , 1, 0, 0, 0, 0, 0, 0, 0, 1, 1, 0, 1, 0, 2, 0, 0, 1, 1, 0, 0, 1, 0, 0, 0, 0, 0, 9, 3, 6, 0.3333333333333333, 0, 107
Sebastian Seung, + , 2, 1, 0, 0, 2, 0, 1, 0, 1, 0, 0, 0, 0, 2, 0, 0, 0, 0, 3, 1, 1, 0, 0, 0, 0, 0, 14, 6, 8, 0.42857142857142855, 2, 142
Susan L. Epstein, + , 1, 0, 0, 0, 2, 0, 0, 0, 1, 0, 0, 1, 0, 2, 0, 1, 0, 0, 3, 1, 1, 0, 0, 0, 0, 0, 13, 5, 8, 0.38461538461538464, 1, 161
Priscilla Rasmussen, - , 2, 0, 1, 0, 1, 0, 0, 0, 2, 0, 0, 2, 1, 1, 0, 1, 0, 2, 4, 0, 1, 0, 0, 0, 0, 0, 18, 6, 12, 0.3333333333333333, 2, 210
Steven Minton, - , 0, 0, 0, 0, 2, 0, 0, 0, 1, 0, 0, 0, 1, 3, 1, 0, 0, 0, 1, 2, 0, 1, 0, 0, 0, 0, 12, 4, 8, 0.3333333333333333, 1, 158
Lance Riley, + , 1, 0, 1, 0, 2, 0, 0, 0, 1, 0, 0, 2, 0, 1, 0, 0, 0, 1, 0, 0, 0, 0, 0, 0, 1, 0, 10, 4, 6, 0.4, 1, 94
Jose L. Balcazar, + , 3, 1, 1, 0, 1, 0, 0, 0, 0, 1, 0, 2, 0, 0, 1, 0, 0, 1, 1, 0, 0, 0, 0, 0, 0, 1, 13, 5, 8, 0.38461538461538464, 1, 112
William Sakas, + , 3, 0, 0, 0, 0, 0, 0, 0, 2, 0, 1, 2, 1, 0, 0, 0, 0, 0, 2, 0, 0, 0, 1, 0, 0, 0, 12, 5, 7, 0.4166666666666667, 2, 118
Claudio Facchinetti, - , 2, 0, 3, 1, 1, 1, 0, 1, 3, 0, 0, 1, 0, 1, 1, 0, 0, 0, 0, 2, 1, 0, 0, 0, 0, 0, 18, 8, 10, 0.4444444444444444, 2, 145
Vijay Raghavan, + , 4, 0, 0, 0, 0, 0, 1, 1, 1, 1, 0, 0, 0, 1, 0, 0, 0, 1, 0, 0, 0, 2, 0, 0, 1, 0, 13, 5, 8, 0.38461538461538464, 1, 126
Bob Evans, + , 1, 2, 0, 0, 1, 0, 0, 0, 0, 0, 0, 0, 0, 1, 1, 0, 0, 0, 1, 0, 0, 1, 0, 0, 0, 0, 8, 3, 5, 0.375, 0, 72
Neil Berkman, + , 1, 1, 0, 0, 2, 0, 0, 0, 1, 0, 1, 1, 1, 2, 0, 0, 0, 1, 0, 0, 0, 0, 0, 0, 0, 0, 11, 4, 7, 0.36363636363636365, 1, 93
Masayuki Inaba, + , 4, 1, 0, 0, 0, 0, 0, 0, 2, 0, 1, 0, 1, 1, 0, 0, 0, 0, 1, 0, 1, 0, 0, 0, 1, 0, 13, 7, 6, 0.5384615384615384, 2, 114
Shai Ben-David, - , 2, 1, 0, 2, 1, 0, 0, 1, 2, 0, 0, 0, 0, 1, 0, 0, 0, 0, 1, 0, 0, 1, 0, 0, 0, 0, 12, 5, 7, 0.4166666666666667, 2, 86
Dan Roth, + , 1, 0, 0, 1, 0, 0, 0, 1, 0, 0, 0, 0, 0, 1, 1, 0, 0, 1, 0, 1, 0, 0, 0, 0, 0, 0, 7, 2, 5, 0.2857142857142857, 0, 73
Lisa Hellerstein, + , 1, 0, 0, 0, 3, 0, 0, 1, 2, 0, 0, 3, 0, 1, 0, 0, 0, 1, 2, 1, 0, 0, 0, 0, 0, 0, 15, 6, 9, 0.4, 2, 153
Geoffrey Gordon, + , 0, 0, 0, 1, 2, 2, 2, 0, 0, 0, 0, 0, 0, 1, 3, 0, 0, 2, 0, 0, 0, 0, 0, 0, 1, 0, 14, 5, 9, 0.35714285714285715, 2, 146
Paul Vitanyi, + , 2, 0, 0, 0, 0, 0, 0, 0, 2, 0, 0, 1, 0, 1, 0, 1, 0, 0, 0, 1, 1, 1, 0, 0, 1, 0, 11, 5, 6, 0.45454545454545453, 2, 139
Anselm Blumer, - , 1, 1, 0, 0, 2, 0, 0, 0, 0, 0, 0, 2, 2, 1, 0, 0, 0, 1, 1, 0, 1, 0, 0, 0, 0, 0, 12, 4, 8, 0.3333333333333333, 1, 123
Jeff Jackson, + , 1, 0, 1, 0, 1, 2, 0, 0, 0, 2, 1, 0, 0, 1, 1, 0, 0, 0, 1, 0, 0, 0, 0, 0, 0, 0, 11, 3, 8, 0.2727272727272727, 0, 89
Steven W. Norton, - , 0, 0, 0, 0, 2, 0, 0, 0, 0, 0, 0, 0, 0, 3, 2, 0, 0, 1, 1, 2, 0, 1, 1, 0, 0, 0, 13, 4, 9, 0.3076923076923077, 2, 191
R. Bharat Rao, - , 3, 1, 0, 0, 0, 0, 0, 1, 0, 0, 0, 0, 0, 0, 1, 0, 0, 3, 0, 1, 0, 0, 0, 0, 0, 0, 10, 4, 6, 0.4, 1, 92
Matthias Heger, + , 2, 0, 0, 0, 2, 0, 1, 2, 1, 0, 0, 0, 1, 0, 0, 0, 0, 1, 1, 2, 0, 0, 0, 0, 0, 0, 13, 5, 8, 0.38461538461538464, 2, 121
Nicolo Cesa-Bianchi, + , 2, 1, 3, 0, 1, 0, 0, 1, 3, 0, 0, 1, 0, 2, 2, 0, 0, 0, 1, 0, 0, 0, 0, 0, 0, 0, 17, 8, 9, 0.47058823529411764, 3, 125
David Montgomery, + , 1, 0, 0, 2, 1, 0, 1, 0, 1, 0, 0, 0, 2, 1, 2, 0, 0, 1, 0, 1, 0, 1, 0, 0, 1, 0, 15, 5, 10, 0.3333333333333333, 1, 170
Patricia J. Riddle, + , 2, 0, 1, 2, 1, 0, 0, 0, 3, 1, 0, 1, 0, 0, 0, 1, 0, 2, 0, 1, 0, 0, 0, 0, 0, 0, 15, 6, 9, 0.4, 2, 124
J. Jeffrey Mahoney, - , 1, 0, 0, 0, 3, 2, 0, 1, 0, 2, 0, 0, 1, 1, 1, 0, 0, 1, 0, 0, 0, 0, 0, 0, 2, 0, 15, 5, 10, 0.3333333333333333, 1, 151
Kazushi Ikeda, + , 2, 0, 0, 1, 1, 0, 0, 1, 2, 0, 2, 0, 0, 0, 0, 0, 0, 0, 1, 0, 1, 0, 0, 0, 0, 1, 12, 6, 6, 0.5, 2, 113
Thomas G. Dietterich, - , 1, 0, 1, 1, 2, 0, 1, 2, 2, 0, 0, 0, 1, 0, 1, 0, 0, 1, 1, 3, 0, 0, 0, 0, 0, 0, 17, 6, 11, 0.35294117647058826, 2, 167
Pang-Chieh Chen, + , 1, 0, 2, 0, 2, 0, 1, 3, 1, 0, 0, 0, 0, 2, 0, 1, 0, 0, 0, 0, 0, 0, 0, 0, 0, 0, 13, 4, 9, 0.3076923076923077, 1, 88
Paul Utgoff, + , 1, 0, 0, 0, 0, 2, 1, 0, 0, 0, 0, 1, 0, 0, 1, 1, 0, 0, 0, 1, 2, 0, 0, 0, 0, 0, 10, 4, 6, 0.4, 1, 115
Joseph OSullivan, + , 1, 0, 0, 0, 1, 0, 0, 1, 1, 1, 0, 2, 0, 1, 2, 1, 0, 0, 2, 0, 1, 1, 0, 0, 0, 0, 15, 6, 9, 0.4, 1, 183
Toshiyasu Matsushima, + , 3, 0, 0, 0, 0, 0, 0, 2, 2, 0, 0, 0, 2, 0, 1, 0, 0, 0, 4, 2, 2, 0, 0, 0, 1, 0, 19, 8, 11, 0.42105263157894735, 3, 242
Timothy P. Barber, + , 1, 2, 0, 0, 1, 0, 0, 1, 1, 0, 0, 0, 1, 0, 1, 1, 0, 2, 0, 2, 0, 0, 0, 0, 1, 0, 14, 4, 10, 0.2857142857142857, 0, 158
Phil Long, - , 0, 0, 0, 0, 0, 0, 1, 1, 1, 0, 0, 2, 0, 1, 1, 1, 0, 0, 0, 0, 0, 0, 0, 0, 0, 0, 8, 2, 6, 0.25, 0, 85
Tal Grossman, + , 2, 0, 0, 0, 0, 0, 1, 0, 0, 0, 0, 1, 1, 1, 1, 0, 0, 1, 2, 1, 0, 0, 0, 0, 0, 0, 11, 3, 8, 0.2727272727272727, 1, 128
Donna Slonim, + , 1, 0, 0, 1, 0, 0, 0, 0, 1, 0, 0, 1, 1, 3, 2, 0, 0, 0, 1, 0, 0, 0, 0, 0, 0, 0, 11, 4, 7, 0.36363636363636365, 1, 119
Tatsuo Unemi, + , 1, 0, 0, 0, 1, 0, 0, 0, 1, 0, 0, 0, 1, 1, 1, 0, 0, 0, 1, 2, 2, 0, 0, 0, 0, 0, 11, 6, 5, 0.5454545454545454, 1, 147
Krishnan Pillaipakkamnatt, - , 5, 0, 0, 0, 0, 0, 0, 1, 3, 0, 3, 2, 1, 3, 0, 2, 0, 1, 1, 2, 0, 0, 0, 0, 0, 0, 24, 8, 16, 0.3333333333333333, 2, 237
Lorenza Saitta, + , 3, 0, 0, 0, 1, 0, 0, 0, 1, 0, 0, 1, 0, 1, 1, 0, 0, 1, 1, 2, 0, 0, 0, 0, 0, 1, 13, 6, 7, 0.46153846153846156, 1, 148
Usama Fayyad, - , 4, 0, 0, 1, 0, 1, 0, 0, 0, 0, 0, 0, 1, 0, 0, 0, 0, 0, 1, 0, 1, 0, 0, 0, 2, 0, 11, 5, 6, 0.45454545454545453, 1, 106
Jude Shavlik, + , 1, 0, 0, 1, 1, 0, 0, 1, 1, 1, 1, 1, 0, 0, 0, 0, 0, 0, 1, 0, 1, 1, 0, 0, 0, 0, 11, 4, 7, 0.36363636363636365, 0, 111
David Helmbold, + , 1, 1, 0, 3, 1, 0, 0, 1, 1, 0, 0, 2, 1, 0, 1, 0, 0, 0, 0, 0, 0, 1, 0, 0, 0, 0, 13, 4, 9, 0.3076923076923077, 0, 98
Grigoris Karakoulas, - , 3, 0, 0, 0, 0, 0, 2, 0, 2, 0, 2, 1, 0, 0, 2, 0, 0, 3, 2, 0, 1, 0, 0, 0, 0, 0, 18, 8, 10, 0.4444444444444444, 3, 194
Tom Hancock, + , 1, 0, 2, 0, 0, 0, 0, 1, 0, 0, 1, 0, 1, 1, 2, 0, 0, 0, 0, 1, 0, 0, 0, 0, 0, 0, 10, 3, 7, 0.3, 1, 93
Drago Indjic, - , 1, 0, 1, 2, 0, 0, 1, 0, 2, 1, 0, 0, 0, 1, 1, 0, 0, 1, 0, 0, 0, 0, 0, 0, 0, 0, 11, 4, 7, 0.36363636363636365, 1, 83
Gary Weiss, + , 1, 0, 0, 0, 1, 0, 1, 0, 1, 0, 0, 0, 0, 0, 0, 0, 0, 1, 2, 0, 0, 0, 1, 0, 1, 0, 9, 3, 6, 0.3333333333333333, 0, 117
Frank Stephan, - , 2, 0, 0, 0, 1, 1, 0, 1, 0, 0, 1, 0, 0, 2, 0, 1, 0, 1, 1, 1, 0, 0, 0, 0, 0, 0, 12, 3, 9, 0.25, 1, 121
Kenji Yamanishi, + , 2, 0, 0, 0, 1, 0, 0, 1, 3, 1, 1, 0, 1, 2, 0, 0, 0, 0, 1, 0, 0, 0, 0, 0, 1, 0, 14, 6, 8, 0.42857142857142855, 2, 134
Wan P. Chiang, + , 2, 0, 1, 0, 0, 0, 1, 1, 1, 0, 0, 0, 0, 2, 0, 1, 0, 0, 0, 0, 0, 0, 1, 0, 0, 0, 10, 3, 7, 0.3, 1, 86
Yoram Singer, + , 1, 0, 0, 0, 1, 0, 1, 0, 1, 0, 0, 0, 1, 1, 1, 0, 0, 2, 1, 0, 0, 0, 0, 0, 1, 0, 11, 4, 7, 0.36363636363636365, 0, 133
Melinda T. Gervasio, + , 2, 0, 0, 1, 2, 0, 1, 0, 2, 0, 0, 1, 1, 1, 1, 0, 0, 1, 1, 1, 0, 1, 0, 0, 0, 0, 16, 7, 9, 0.4375, 3, 158
Kate Goelz, + , 1, 0, 0, 0, 2, 0, 1, 0, 0, 0, 1, 1, 0, 0, 1, 0, 0, 0, 0, 1, 0, 0, 0, 0, 0, 1, 9, 4, 5, 0.4444444444444444, 1, 93
Roni Khardon, + , 1, 0, 0, 1, 0, 0, 0, 1, 1, 0, 1, 0, 0, 2, 2, 0, 0, 2, 0, 0, 0, 0, 0, 0, 0, 0, 11, 4, 7, 0.36363636363636365, 1, 116
Nikolay Nikolaev, + , 2, 0, 0, 0, 1, 0, 0, 0, 2, 0, 2, 2, 0, 2, 2, 0, 0, 0, 0, 0, 0, 1, 0, 0, 1, 0, 15, 7, 8, 0.4666666666666667, 3, 161
George H. John, + , 0, 0, 0, 0, 2, 0, 2, 2, 0, 1, 0, 0, 0, 1, 2, 0, 0, 1, 0, 0, 0, 0, 0, 0, 0, 0, 11, 4, 7, 0.36363636363636365, 2, 101
Diana Gordon, + , 2, 0, 0, 2, 0, 0, 1, 0, 1, 0, 0, 0, 0, 2, 2, 0, 0, 1, 0, 0, 0, 0, 0, 0, 0, 0, 11, 5, 6, 0.45454545454545453, 2, 91
Claire Cardie, - , 2, 0, 2, 1, 2, 0, 0, 0, 2, 0, 0, 1, 0, 0, 0, 0, 0, 2, 0, 0, 0, 0, 0, 0, 0, 0, 12, 6, 6, 0.5, 3, 76
Moshe Koppel, + , 0, 0, 0, 0, 2, 0, 0, 1, 0, 0, 1, 1, 1, 0, 2, 2, 0, 0, 1, 0, 0, 0, 0, 0, 0, 0, 11, 4, 7, 0.36363636363636365, 2, 124
Andy Bernard, + , 2, 1, 0, 2, 1, 0, 0, 0, 0, 0, 0, 0, 0, 2, 0, 0, 0, 2, 0, 0, 0, 0, 0, 0, 1, 0, 11, 3, 8, 0.2727272727272727, 1, 95
Marcos Salganicoff, + , 3, 0, 2, 0, 0, 2, 1, 0, 1, 0, 0, 1, 1, 1, 2, 0, 0, 1, 2, 0, 0, 0, 0, 0, 0, 0, 17, 6, 11, 0.35294117647058826, 2, 145
David W. Opitz, + , 1, 0, 0, 2, 0, 0, 0, 0, 2, 0, 0, 0, 0, 0, 1, 1, 0, 0, 0, 1, 0, 1, 1, 0, 0, 1, 11, 4, 7, 0.36363636363636365, 1, 138
Mark Changizi, + , 2, 0, 1, 0, 0, 0, 1, 1, 2, 0, 1, 0, 1, 1, 0, 0, 0, 1, 0, 0, 0, 0, 0, 0, 0, 1, 12, 4, 8, 0.3333333333333333, 2, 108
Lars Asker, + , 2, 0, 0, 0, 1, 0, 0, 0, 0, 0, 1, 1, 0, 0, 0, 0, 0, 2, 2, 0, 0, 0, 0, 0, 0, 0, 9, 3, 6, 0.3333333333333333, 1, 95
Dana Ron, + , 2, 0, 0, 1, 0, 0, 0, 0, 0, 0, 0, 0, 0, 2, 1, 0, 0, 1, 0, 0, 0, 0, 0, 0, 0, 0, 7, 3, 4, 0.42857142857142855, 1, 60
Andrey Burago, - , 2, 1, 0, 1, 1, 0, 1, 0, 0, 0, 0, 0, 0, 1, 1, 0, 0, 2, 0, 0, 1, 0, 0, 0, 1, 0, 12, 5, 7, 0.4166666666666667, 1, 119
Eddy Mayoraz, - , 2, 0, 0, 2, 1, 0, 0, 0, 0, 0, 0, 0, 1, 0, 1, 0, 0, 1, 0, 0, 0, 0, 0, 0, 2, 1, 11, 4, 7, 0.36363636363636365, 1, 126
Mark Schwabacher, + , 3, 1, 2, 0, 1, 0, 0, 2, 0, 0, 1, 0, 1, 0, 0, 0, 0, 2, 1, 0, 0, 0, 1, 0, 0, 0, 15, 4, 11, 0.26666666666666666, 1, 119
Carl H. Smith, + , 1, 0, 1, 0, 0, 0, 0, 2, 1, 0, 0, 1, 1, 0, 0, 0, 0, 1, 1, 1, 0, 0, 0, 0, 0, 0, 10, 2, 8, 0.2, 0, 101
Wee Sun Lee, + , 0, 0, 0, 0, 4, 0, 0, 0, 0, 0, 0, 1, 0, 1, 0, 0, 0, 0, 1, 0, 1, 0, 1, 0, 0, 0, 9, 5, 4, 0.5555555555555556, 1, 100
Mario Marchand, + , 3, 0, 1, 1, 0, 0, 0, 1, 1, 0, 0, 0, 2, 1, 1, 0, 0, 2, 0, 0, 0, 0, 0, 0, 0, 0, 13, 5, 8, 0.38461538461538464, 1, 105
David Pierce, + , 1, 0, 1, 2, 2, 0, 0, 0, 2, 0, 0, 0, 0, 0, 0, 1, 0, 1, 0, 0, 0, 1, 0, 0, 0, 0, 11, 5, 6, 0.45454545454545453, 2, 85
Dan Oblinger, + , 1, 1, 0, 1, 1, 0, 1, 0, 1, 0, 0, 1, 0, 2, 1, 0, 0, 1, 0, 0, 0, 0, 0, 0, 0, 0, 11, 4, 7, 0.36363636363636365, 0, 90
Lyle H. Ungar, - , 1, 0, 0, 0, 1, 0, 1, 1, 0, 0, 0, 2, 0, 1, 0, 0, 0, 1, 0, 0, 1, 0, 0, 0, 1, 0, 10, 3, 7, 0.3, 0, 113
Hiroshi Tanaka, + , 3, 0, 0, 0, 0, 0, 0, 2, 2, 0, 1, 0, 0, 1, 1, 0, 0, 1, 1, 1, 0, 0, 0, 0, 0, 0, 13, 6, 7, 0.46153846153846156, 2, 121
Johanne Morin, + , 1, 0, 0, 0, 1, 0, 0, 1, 1, 1, 0, 0, 1, 3, 2, 0, 0, 1, 0, 0, 0, 0, 0, 0, 0, 0, 12, 5, 7, 0.4166666666666667, 1, 124
Thomas Wengerek, - , 1, 0, 0, 0, 3, 0, 1, 1, 0, 0, 1, 0, 1, 1, 1, 0, 0, 1, 1, 1, 0, 0, 1, 0, 0, 0, 14, 5, 9, 0.35714285714285715, 1, 150
Mark W. Craven, + , 2, 0, 1, 0, 1, 0, 0, 0, 0, 0, 1, 0, 1, 1, 0, 0, 0, 2, 0, 0, 0, 1, 1, 0, 0, 0, 11, 3, 8, 0.2727272727272727, 1, 118
Tom Fawcett, + , 1, 0, 1, 0, 1, 1, 0, 0, 0, 0, 0, 0, 1, 0, 1, 0, 0, 0, 0, 3, 0, 0, 1, 0, 0, 0, 10, 3, 7, 0.3, 0, 116
John R. Rose, + , 0, 0, 0, 0, 1, 0, 0, 1, 0, 1, 0, 0, 0, 1, 2, 0, 0, 2, 1, 0, 0, 0, 0, 0, 0, 0, 9, 3, 6, 0.3333333333333333, 1, 113
Richard A. Caruana, + , 5, 0, 2, 1, 0, 0, 0, 1, 1, 0, 0, 0, 0, 1, 0, 0, 0, 3, 0, 0, 1, 0, 0, 0, 0, 0, 15, 7, 8, 0.4666666666666667, 1, 106
Steven Salzberg, - , 1, 1, 0, 0, 3, 0, 1, 0, 0, 0, 0, 1, 0, 1, 0, 0, 0, 1, 2, 1, 0, 1, 0, 0, 0, 1, 14, 4, 10, 0.2857142857142857, 1, 161
Barak A. Pearlmutter, + , 4, 1, 0, 0, 2, 0, 0, 0, 0, 0, 1, 1, 1, 0, 0, 1, 0, 3, 0, 2, 1, 0, 0, 0, 0, 0, 17, 7, 10, 0.4117647058823529, 2, 166
Chris Darken, - , 1, 0, 1, 1, 1, 0, 0, 1, 1, 0, 1, 0, 0, 1, 0, 0, 0, 2, 1, 0, 0, 0, 0, 0, 0, 0, 11, 3, 8, 0.2727272727272727, 0, 99
Judy A. Franklin, + , 2, 0, 0, 1, 0, 1, 0, 0, 1, 1, 1, 1, 0, 2, 0, 0, 0, 1, 0, 0, 1, 0, 0, 0, 1, 0, 13, 4, 9, 0.3076923076923077, 1, 133
Xuemei Wang, + , 1, 0, 0, 0, 2, 0, 1, 0, 1, 0, 0, 0, 1, 1, 0, 0, 0, 0, 0, 0, 1, 0, 1, 1, 0, 0, 10, 5, 5, 0.5, 1, 112
Nitin Indurkhya, + , 1, 0, 0, 1, 0, 0, 0, 1, 3, 0, 1, 0, 0, 3, 0, 0, 0, 1, 0, 1, 1, 0, 0, 0, 1, 0, 14, 5, 9, 0.35714285714285715, 1, 163
Oded Maron, - , 1, 0, 0, 2, 1, 0, 0, 0, 0, 0, 0, 0, 1, 1, 2, 0, 0, 1, 0, 0, 0, 0, 0, 0, 0, 0, 9, 4, 5, 0.4444444444444444, 1, 80
Takefumi Yamazaki, + , 4, 0, 0, 0, 1, 1, 0, 0, 2, 0, 2, 0, 2, 0, 0, 0, 0, 0, 0, 1, 1, 0, 0, 0, 1, 1, 16, 8, 8, 0.5, 2, 157
Satinder Pal Singh, + , 2, 0, 0, 1, 1, 0, 1, 1, 2, 0, 0, 1, 0, 2, 0, 1, 0, 1, 2, 1, 0, 0, 0, 0, 0, 0, 16, 5, 11, 0.3125, 2, 160
Ron Kohavi, + , 1, 0, 0, 0, 0, 0, 0, 1, 1, 0, 1, 0, 0, 1, 2, 0, 0, 1, 0, 0, 0, 1, 0, 0, 0, 0, 9, 4, 5, 0.4444444444444444, 1, 104
Michael de la Maza, + , 4, 0, 1, 1, 2, 0, 0, 1, 1, 0, 0, 2, 2, 0, 0, 0, 0, 0, 0, 0, 0, 0, 0, 0, 0, 1, 15, 7, 8, 0.4666666666666667, 2, 99
Robert Sloan, + , 1, 1, 0, 0, 1, 0, 0, 0, 0, 0, 0, 1, 0, 1, 2, 0, 0, 2, 1, 1, 0, 0, 0, 0, 0, 0, 11, 4, 7, 0.36363636363636365, 1, 128
Chun-Nan Hsu, - , 1, 0, 1, 0, 0, 0, 0, 2, 0, 0, 0, 0, 0, 3, 0, 0, 0, 0, 1, 0, 2, 0, 0, 0, 0, 0, 10, 3, 7, 0.3, 1, 113
Daniel Kortenkamp, + , 2, 0, 0, 1, 2, 0, 0, 0, 1, 0, 2, 1, 1, 2, 1, 1, 0, 1, 0, 1, 0, 0, 0, 0, 0, 0, 16, 6, 10, 0.375, 2, 153
Ricard Gavalda, + , 4, 0, 1, 2, 0, 0, 1, 0, 1, 0, 0, 1, 0, 0, 0, 0, 0, 2, 0, 0, 0, 1, 0, 0, 0, 0, 13, 5, 8, 0.38461538461538464, 1, 88
Joe Suzuki, + , 0, 0, 0, 0, 1, 0, 0, 0, 1, 1, 1, 0, 0, 0, 1, 0, 0, 0, 1, 0, 2, 0, 0, 0, 0, 1, 9, 5, 4, 0.5555555555555556, 1, 128
James S. Royer, + , 1, 0, 0, 0, 2, 0, 0, 0, 0, 1, 0, 0, 1, 0, 1, 0, 0, 2, 2, 0, 0, 0, 0, 0, 1, 0, 11, 4, 7, 0.36363636363636365, 1, 137
Jyrki Kivinen, - , 0, 0, 0, 0, 1, 0, 0, 0, 3, 1, 2, 0, 0, 2, 0, 0, 0, 1, 0, 0, 0, 1, 0, 0, 1, 0, 12, 4, 8, 0.3333333333333333, 1, 145
Tapio Elomaa, + , 3, 0, 0, 0, 1, 0, 0, 0, 1, 0, 0, 1, 1, 0, 2, 1, 0, 0, 0, 1, 0, 0, 0, 0, 0, 0, 11, 7, 4, 0.6363636363636364, 2, 97
Michael Redmond, + , 1, 0, 1, 2, 2, 0, 0, 1, 1, 0, 0, 1, 2, 1, 1, 0, 0, 1, 0, 0, 0, 0, 0, 0, 0, 0, 14, 5, 9, 0.35714285714285715, 1, 110
Rich Maclin, + , 1, 0, 2, 0, 0, 0, 0, 1, 2, 0, 0, 1, 1, 1, 0, 0, 0, 1, 0, 0, 0, 0, 0, 0, 0, 0, 10, 3, 7, 0.3, 1, 80
Jiarong Hong, + , 1, 0, 0, 0, 0, 0, 2, 1, 1, 1, 0, 0, 0, 2, 2, 0, 0, 1, 0, 0, 0, 0, 0, 0, 0, 0, 11, 4, 7, 0.36363636363636365, 1, 107
Janusz Wnek, + , 1, 0, 0, 0, 1, 0, 0, 0, 0, 1, 1, 0, 0, 2, 0, 0, 0, 0, 1, 0, 1, 0, 1, 0, 0, 1, 10, 3, 7, 0.3, 0, 134
David B. Skalak, + , 3, 1, 0, 2, 0, 0, 0, 0, 1, 0, 2, 1, 0, 0, 0, 0, 0, 0, 1, 0, 0, 1, 0, 0, 0, 0, 12, 4, 8, 0.3333333333333333, 1, 85
Daniel Hennessy, + , 1, 0, 0, 1, 3, 0, 0, 1, 1, 0, 0, 1, 0, 3, 0, 0, 0, 0, 2, 0, 0, 0, 0, 0, 1, 0, 14, 5, 9, 0.35714285714285715, 1, 140
David Cohn, + , 1, 0, 1, 2, 0, 0, 0, 1, 1, 0, 0, 0, 0, 1, 1, 0, 0, 0, 0, 0, 0, 1, 0, 0, 0, 0, 9, 3, 6, 0.3333333333333333, 0, 71
Merrick L. Furst, + , 0, 0, 1, 0, 1, 1, 0, 0, 1, 0, 1, 1, 1, 0, 0, 0, 0, 3, 1, 1, 1, 0, 0, 0, 0, 0, 13, 3, 10, 0.23076923076923078, 0, 160
Lindley Darden, + , 1, 0, 0, 3, 2, 0, 0, 0, 1, 0, 0, 2, 0, 2, 0, 0, 0, 1, 0, 0, 0, 0, 0, 0, 1, 0, 13, 4, 9, 0.3076923076923077, 1, 114
Steve A. Chien, - , 1, 0, 1, 0, 3, 0, 0, 1, 1, 0, 0, 0, 0, 1, 0, 0, 0, 0, 1, 1, 0, 1, 0, 0, 0, 0, 11, 5, 6, 0.45454545454545453, 1, 100
Wai Lam, + , 2, 0, 0, 0, 0, 0, 0, 0, 1, 0, 0, 1, 1, 0, 0, 0, 0, 0, 0, 0, 0, 0, 1, 0, 0, 0, 6, 3, 3, 0.5, 1, 53
Paul W. Goldberg, + , 1, 1, 0, 1, 1, 0, 2, 0, 0, 0, 0, 2, 0, 0, 1, 1, 0, 1, 0, 0, 1, 0, 1, 0, 0, 0, 13, 4, 9, 0.3076923076923077, 0, 130
Stephen Muggleton, - , 0, 0, 0, 0, 3, 0, 2, 1, 0, 0, 0, 1, 1, 2, 1, 1, 0, 0, 1, 2, 1, 0, 0, 0, 0, 0, 16, 5, 11, 0.3125, 1, 185
Jason Catlett, + , 2, 0, 1, 0, 1, 0, 0, 0, 0, 1, 0, 1, 0, 1, 1, 0, 0, 0, 1, 3, 0, 0, 0, 0, 0, 0, 12, 4, 8, 0.3333333333333333, 1, 128
Justinian Rosca, + , 2, 0, 1, 0, 0, 0, 0, 0, 2, 1, 0, 0, 0, 2, 1, 0, 0, 1, 2, 1, 1, 0, 0, 0, 0, 0, 14, 6, 8, 0.42857142857142855, 2, 159
Sreerama K. Murthy, - , 2, 0, 0, 0, 2, 0, 0, 1, 0, 0, 1, 0, 2, 0, 0, 0, 0, 3, 1, 1, 1, 0, 0, 0, 1, 0, 15, 5, 10, 0.3333333333333333, 2, 181
Richard S. Sutton, + , 1, 0, 1, 1, 0, 0, 0, 1, 1, 0, 0, 0, 0, 1, 1, 0, 0, 2, 2, 2, 1, 0, 0, 0, 0, 0, 14, 4, 10, 0.2857142857142857, 0, 175
Michael W. Barley, + , 2, 1, 1, 0, 2, 0, 0, 1, 1, 0, 0, 2, 1, 0, 0, 0, 0, 1, 0, 0, 0, 0, 1, 0, 1, 0, 14, 5, 9, 0.35714285714285715, 2, 123
Leslie Grate, + , 1, 0, 0, 0, 3, 0, 1, 0, 1, 0, 0, 2, 0, 0, 0, 0, 0, 1, 1, 1, 0, 0, 0, 0, 0, 0, 11, 5, 6, 0.45454545454545453, 1, 102
Nathalie Japkowicz, + , 3, 0, 1, 0, 1, 0, 0, 1, 2, 1, 1, 1, 0, 1, 1, 1, 0, 0, 0, 1, 0, 0, 1, 0, 0, 1, 17, 7, 10, 0.4117647058823529, 2, 167
Randolph Jones, + , 1, 0, 0, 1, 1, 0, 0, 1, 0, 1, 0, 1, 0, 2, 2, 1, 0, 1, 1, 0, 0, 0, 0, 0, 0, 0, 13, 4, 9, 0.3076923076923077, 1, 138
John Rachlin, + , 1, 0, 1, 0, 0, 0, 0, 2, 1, 1, 0, 1, 0, 2, 1, 0, 0, 1, 0, 0, 0, 0, 0, 0, 0, 0, 11, 3, 8, 0.2727272727272727, 0, 101
Moshe Leshno, + , 0, 0, 0, 0, 2, 0, 0, 2, 0, 0, 0, 1, 1, 1, 2, 0, 0, 0, 2, 0, 0, 0, 0, 0, 0, 0, 11, 4, 7, 0.36363636363636365, 2, 122
Emanuel Knill, - , 1, 0, 0, 0, 2, 0, 0, 0, 1, 0, 1, 3, 1, 2, 0, 0, 0, 0, 0, 0, 1, 0, 0, 0, 0, 0, 12, 5, 7, 0.4166666666666667, 1, 117
Sholom Weiss, - , 0, 0, 0, 0, 1, 0, 0, 1, 1, 0, 0, 1, 1, 0, 2, 0, 0, 0, 3, 0, 0, 0, 1, 0, 0, 0, 11, 4, 7, 0.36363636363636365, 1, 146
Darko Zupanic, + , 2, 0, 1, 1, 0, 0, 0, 0, 1, 0, 1, 0, 0, 1, 1, 1, 0, 1, 0, 0, 1, 0, 0, 0, 0, 1, 12, 5, 7, 0.4166666666666667, 1, 127
Thomas G. Spalthoff, - , 2, 0, 0, 0, 0, 2, 1, 2, 0, 0, 0, 1, 1, 0, 2, 1, 0, 0, 2, 2, 0, 0, 0, 0, 0, 0, 16, 4, 12, 0.25, 2, 170
Michael Kearns, + , 2, 0, 1, 0, 2, 0, 0, 1, 1, 0, 1, 1, 1, 1, 0, 0, 0, 1, 1, 0, 0, 0, 0, 0, 0, 0, 13, 5, 8, 0.38461538461538464, 2, 106
Holly Yanco, + , 1, 0, 1, 0, 0, 0, 0, 1, 0, 0, 0, 2, 0, 1, 2, 0, 0, 0, 0, 0, 0, 0, 0, 0, 2, 0, 10, 3, 7, 0.3, 1, 120
Olivier De Vel, - , 0, 0, 0, 1, 3, 0, 0, 0, 2, 0, 0, 2, 0, 0, 1, 0, 0, 1, 0, 0, 0, 2, 0, 0, 0, 0, 12, 6, 6, 0.5, 2, 126
Tom Bylander, + , 1, 1, 0, 1, 1, 0, 0, 0, 0, 0, 0, 1, 1, 1, 1, 0, 0, 1, 0, 1, 0, 0, 0, 0, 1, 0, 11, 3, 8, 0.2727272727272727, 0, 118
Johannes Furnkranz, + , 2, 0, 0, 0, 1, 1, 0, 1, 0, 1, 1, 0, 0, 4, 1, 0, 0, 2, 1, 0, 1, 0, 0, 0, 0, 1, 17, 5, 12, 0.29411764705882354, 1, 198
Pat Langley, + , 2, 0, 0, 0, 1, 0, 1, 0, 0, 0, 0, 2, 0, 1, 0, 1, 0, 0, 0, 1, 0, 0, 0, 0, 1, 0, 10, 3, 7, 0.3, 1, 103
Javed Aslam, + , 3, 0, 0, 1, 1, 0, 0, 0, 0, 1, 0, 1, 1, 0, 0, 0, 0, 0, 1, 0, 0, 1, 0, 0, 0, 0, 10, 4, 6, 0.4, 1, 78
Jean Gabriel Ganascia, + , 5, 1, 1, 0, 2, 0, 2, 0, 2, 1, 0, 1, 0, 2, 0, 0, 0, 1, 1, 0, 0, 0, 0, 0, 0, 0, 19, 9, 10, 0.47368421052631576, 3, 120
Sean Slattery, + , 2, 0, 0, 0, 2, 0, 0, 0, 0, 0, 0, 1, 0, 1, 0, 0, 0, 1, 2, 2, 0, 0, 0, 0, 1, 0, 12, 4, 8, 0.3333333333333333, 2, 147
Michael A. meystel, + , 2, 0, 1, 0, 3, 0, 0, 1, 1, 0, 0, 2, 2, 0, 0, 0, 0, 0, 1, 1, 0, 0, 0, 0, 1, 0, 15, 6, 9, 0.4, 2, 136
Brian D. Davidson, - , 2, 1, 0, 3, 0, 0, 0, 0, 2, 0, 0, 0, 0, 2, 1, 0, 0, 1, 1, 0, 0, 1, 0, 0, 0, 0, 14, 5, 9, 0.35714285714285715, 2, 122
David Gillman, + , 2, 0, 0, 2, 0, 0, 1, 0, 2, 0, 0, 2, 1, 1, 0, 0, 0, 0, 0, 0, 0, 1, 0, 0, 0, 0, 12, 4, 8, 0.3333333333333333, 2, 96
Matevz Kovacic, + , 2, 0, 2, 0, 1, 0, 0, 0, 1, 0, 1, 0, 1, 0, 1, 0, 0, 0, 0, 1, 0, 2, 0, 0, 0, 1, 13, 5, 8, 0.38461538461538464, 1, 138
Bala Kalyanasundaram, + , 7, 1, 0, 1, 0, 0, 0, 0, 0, 0, 1, 2, 1, 2, 0, 0, 0, 1, 1, 0, 1, 0, 0, 0, 1, 0, 19, 8, 11, 0.42105263157894735, 1, 153
Martin Kummer, + , 1, 0, 0, 0, 1, 0, 0, 0, 1, 0, 1, 0, 3, 1, 0, 0, 0, 2, 0, 1, 1, 0, 0, 0, 0, 0, 12, 4, 8, 0.3333333333333333, 0, 144
Manfred Warmuth, + , 2, 0, 0, 1, 1, 1, 0, 1, 0, 0, 0, 0, 2, 1, 0, 0, 0, 2, 0, 1, 1, 0, 1, 0, 0, 0, 14, 4, 10, 0.2857142857142857, 1, 151
David Mathias, + , 3, 0, 0, 2, 0, 0, 0, 1, 2, 0, 0, 0, 1, 0, 0, 0, 0, 0, 1, 1, 0, 1, 0, 0, 0, 0, 12, 5, 7, 0.4166666666666667, 2, 99
Brian Tester, - , 1, 1, 0, 0, 2, 0, 0, 0, 1, 0, 0, 0, 0, 1, 0, 0, 0, 2, 1, 2, 0, 0, 0, 0, 0, 0, 11, 4, 7, 0.36363636363636365, 1, 120
Nicolas Fiechter, + , 1, 0, 2, 0, 2, 1, 0, 1, 2, 0, 0, 1, 0, 1, 1, 0, 0, 1, 1, 1, 0, 0, 0, 0, 0, 0, 15, 6, 9, 0.4, 2, 132
Aurora Perez, + , 2, 0, 0, 0, 2, 0, 0, 0, 0, 0, 0, 0, 0, 0, 1, 1, 0, 3, 0, 0, 1, 0, 0, 0, 0, 1, 11, 6, 5, 0.5454545454545454, 2, 133
Michael Scott, - , 1, 0, 2, 0, 1, 0, 0, 1, 1, 0, 0, 1, 1, 0, 1, 0, 0, 0, 1, 2, 0, 0, 0, 0, 0, 0, 12, 4, 8, 0.3333333333333333, 0, 116
Naoki Abe, + , 2, 1, 0, 0, 1, 0, 0, 0, 1, 0, 1, 0, 0, 1, 1, 0, 0, 0, 0, 0, 0, 0, 0, 0, 0, 0, 8, 5, 3, 0.625, 1, 50
Kimmen Sjolander, + , 1, 0, 0, 1, 2, 0, 0, 0, 1, 1, 1, 1, 2, 2, 1, 0, 0, 1, 1, 0, 0, 0, 0, 0, 0, 0, 15, 5, 10, 0.3333333333333333, 1, 148
Jeffery Clouse, + , 0, 0, 1, 0, 3, 2, 0, 0, 0, 1, 0, 1, 0, 0, 1, 0, 0, 1, 1, 0, 1, 0, 0, 0, 1, 0, 13, 5, 8, 0.38461538461538464, 1, 137
Robert P. Daley, + , 1, 1, 0, 1, 2, 0, 0, 0, 0, 0, 0, 1, 0, 0, 1, 1, 0, 2, 0, 1, 0, 0, 0, 0, 1, 0, 12, 4, 8, 0.3333333333333333, 1, 129
William Gasarch, + , 3, 0, 1, 0, 0, 0, 1, 1, 2, 0, 0, 2, 1, 0, 0, 0, 0, 1, 1, 0, 0, 0, 1, 0, 0, 0, 14, 5, 9, 0.35714285714285715, 2, 122
Reinhard Blasig, + , 2, 1, 0, 1, 1, 0, 1, 1, 2, 0, 0, 1, 0, 1, 0, 0, 0, 2, 1, 0, 0, 0, 0, 0, 0, 0, 14, 5, 9, 0.35714285714285715, 2, 113
Malini Bhandaru, + , 3, 1, 0, 1, 0, 0, 0, 1, 2, 0, 0, 1, 1, 2, 0, 0, 0, 1, 0, 0, 1, 0, 0, 0, 0, 0, 14, 6, 8, 0.42857142857142855, 2, 113
Robert Schapire, + , 1, 1, 1, 0, 2, 0, 0, 1, 1, 0, 0, 0, 0, 0, 1, 1, 0, 3, 1, 1, 0, 0, 0, 0, 0, 0, 14, 5, 9, 0.35714285714285715, 1, 143
Gary M. Selzer, + , 1, 0, 0, 0, 2, 0, 1, 0, 0, 0, 0, 1, 1, 0, 0, 0, 0, 2, 1, 0, 0, 0, 0, 0, 1, 1, 11, 3, 8, 0.2727272727272727, 1, 138
Clare Bates Congdon, - , 2, 1, 2, 1, 2, 0, 1, 0, 0, 0, 0, 1, 0, 2, 2, 0, 0, 1, 1, 1, 0, 0, 0, 0, 0, 0, 17, 6, 11, 0.35294117647058826, 3, 141
Martinch Krikis, + , 1, 0, 1, 0, 0, 0, 0, 1, 3, 0, 2, 0, 1, 1, 0, 0, 0, 2, 1, 1, 0, 0, 0, 0, 0, 0, 14, 4, 10, 0.2857142857142857, 1, 149
John Case, + , 1, 0, 1, 0, 1, 0, 0, 1, 0, 1, 0, 0, 0, 1, 1, 0, 0, 0, 1, 0, 0, 0, 0, 0, 0, 0, 8, 3, 5, 0.375, 0, 67
Lance Fortnow, + , 1, 0, 1, 0, 1, 1, 0, 0, 0, 0, 0, 1, 0, 2, 2, 0, 0, 1, 0, 1, 0, 0, 1, 0, 0, 0, 12, 4, 8, 0.3333333333333333, 1, 134
Lorien Y. Pratt, + , 1, 0, 0, 0, 1, 0, 0, 0, 1, 0, 0, 1, 0, 1, 1, 1, 0, 2, 0, 2, 0, 0, 0, 0, 1, 0, 12, 4, 8, 0.3333333333333333, 0, 161
Klaus P. Jantke, - , 2, 0, 0, 0, 1, 0, 0, 0, 0, 1, 2, 1, 0, 1, 0, 1, 0, 0, 1, 1, 1, 0, 0, 0, 0, 0, 12, 4, 8, 0.3333333333333333, 1, 129
Haralabos Athanassiou, + , 6, 1, 0, 0, 0, 0, 0, 2, 1, 0, 0, 1, 0, 1, 2, 0, 0, 1, 3, 1, 1, 0, 0, 0, 0, 0, 20, 10, 10, 0.5, 2, 185
Bradley L. Whitehall, - , 2, 1, 0, 1, 2, 0, 0, 2, 1, 0, 0, 4, 0, 0, 0, 0, 0, 1, 0, 1, 0, 0, 1, 0, 1, 0, 17, 5, 12, 0.29411764705882354, 2, 160
Sridhar Mahadevan, - , 4, 0, 0, 2, 1, 0, 0, 2, 1, 0, 0, 0, 1, 1, 0, 0, 0, 2, 1, 0, 0, 1, 0, 0, 0, 0, 16, 6, 10, 0.375, 1, 130
Craig Nevill-Manning, - , 2, 0, 1, 0, 1, 0, 2, 0, 3, 0, 0, 2, 1, 4, 0, 0, 0, 1, 0, 0, 0, 1, 0, 0, 0, 0, 18, 6, 12, 0.3333333333333333, 2, 166
Paul Fischer, + , 1, 0, 1, 0, 1, 1, 0, 1, 1, 0, 0, 1, 0, 0, 0, 1, 0, 1, 1, 0, 1, 0, 0, 0, 0, 0, 11, 4, 7, 0.36363636363636365, 0, 107
Hal Duncan, + , 2, 0, 1, 1, 0, 0, 0, 1, 0, 0, 0, 1, 0, 2, 0, 0, 0, 0, 0, 0, 1, 0, 0, 0, 0, 0, 9, 3, 6, 0.3333333333333333, 1, 69
Von-Wun Soo, + , 0, 0, 0, 0, 0, 0, 0, 0, 0, 0, 0, 0, 0, 2, 3, 0, 0, 0, 1, 0, 1, 1, 1, 0, 0, 0, 9, 4, 5, 0.4444444444444444, 1, 149
Bill Byrne, + , 0, 2, 0, 0, 1, 0, 0, 0, 1, 0, 0, 2, 0, 1, 0, 0, 0, 1, 0, 0, 0, 0, 0, 0, 1, 0, 9, 2, 7, 0.2222222222222222, 0, 90
Myriam Abramson, - , 3, 1, 0, 0, 0, 0, 0, 0, 1, 0, 0, 0, 3, 1, 1, 0, 0, 2, 1, 0, 0, 0, 0, 0, 1, 0, 14, 5, 9, 0.35714285714285715, 1, 148
Creed Bratton, + , 1, 1, 1, 1, 2, 0, 0, 0, 0, 0, 0, 0, 0, 1, 1, 0, 0, 2, 0, 2, 0, 0, 0, 0, 0, 0, 12, 4, 8, 0.3333333333333333, 1, 113
Minoru Asada, + , 3, 0, 0, 1, 0, 0, 0, 0, 1, 0, 0, 0, 1, 1, 1, 0, 0, 1, 1, 0, 1, 0, 0, 0, 0, 0, 11, 6, 5, 0.5454545454545454, 1, 105
Tom M. Mitchell, + , 0, 0, 1, 0, 1, 0, 0, 1, 1, 0, 0, 2, 3, 0, 1, 0, 0, 0, 0, 2, 0, 0, 0, 0, 0, 0, 12, 3, 9, 0.25, 0, 131
Jean-Daniel Zucker, + , 2, 0, 1, 1, 3, 0, 0, 0, 1, 1, 1, 1, 0, 2, 0, 0, 0, 1, 0, 0, 1, 0, 0, 0, 0, 1, 16, 7, 9, 0.4375, 2, 143
Sonya Snedecor, + , 1, 0, 1, 1, 2, 0, 0, 0, 0, 0, 0, 0, 0, 2, 2, 0, 0, 1, 2, 0, 0, 0, 0, 0, 1, 0, 13, 5, 8, 0.38461538461538464, 2, 144
Glenn Silverstein, - , 0, 0, 0, 0, 3, 0, 1, 0, 2, 0, 0, 2, 0, 3, 0, 0, 0, 1, 2, 1, 0, 1, 0, 0, 0, 0, 16, 5, 11, 0.3125, 2, 188
Avrim Blum, - , 1, 1, 0, 0, 0, 0, 0, 0, 1, 0, 0, 1, 2, 0, 0, 0, 0, 1, 0, 0, 1, 1, 0, 0, 0, 0, 9, 3, 6, 0.3333333333333333, 0, 102
Scott E. Decatur, - , 1, 0, 2, 1, 2, 0, 0, 0, 0, 0, 0, 0, 0, 0, 1, 0, 0, 1, 1, 3, 1, 0, 0, 0, 0, 0, 13, 5, 8, 0.38461538461538464, 1, 141
Dana Angluin, + , 3, 0, 0, 1, 0, 0, 1, 0, 1, 0, 0, 1, 0, 3, 0, 0, 0, 0, 0, 0, 1, 0, 0, 0, 0, 0, 11, 5, 6, 0.45454545454545453, 1, 87
Wolfgang Maass, + , 3, 0, 0, 0, 0, 1, 2, 0, 0, 0, 0, 1, 1, 1, 1, 0, 0, 0, 2, 0, 0, 0, 1, 0, 0, 0, 13, 4, 9, 0.3076923076923077, 1, 125
Chidanand Apte, - , 3, 0, 1, 2, 1, 0, 0, 1, 1, 0, 0, 0, 0, 2, 0, 1, 0, 0, 0, 1, 0, 0, 0, 0, 0, 0, 13, 5, 8, 0.38461538461538464, 1, 87
Marko Grobelnik, + , 1, 1, 0, 0, 1, 0, 1, 0, 1, 0, 2, 1, 1, 1, 2, 0, 0, 2, 0, 0, 0, 0, 0, 0, 0, 0, 14, 5, 9, 0.35714285714285715, 1, 137
Mary Soon Lee, + , 1, 0, 0, 0, 2, 0, 0, 0, 0, 0, 0, 1, 1, 1, 2, 0, 0, 1, 1, 0, 0, 0, 0, 0, 1, 0, 11, 5, 6, 0.45454545454545453, 2, 131
Zhixiang Chen, - , 1, 0, 1, 0, 1, 0, 1, 2, 2, 0, 0, 0, 0, 2, 0, 0, 0, 0, 0, 0, 0, 0, 0, 1, 0, 1, 12, 4, 8, 0.3333333333333333, 1, 116
Mona Singh, + , 1, 0, 0, 0, 0, 0, 1, 1, 1, 0, 0, 0, 1, 2, 1, 0, 0, 0, 1, 0, 0, 0, 0, 0, 0, 0, 9, 3, 6, 0.3333333333333333, 0, 91
Justin Boyan, + , 1, 1, 0, 0, 0, 0, 0, 0, 1, 1, 0, 0, 0, 2, 1, 0, 0, 0, 1, 1, 1, 0, 0, 0, 1, 0, 11, 4, 7, 0.36363636363636365, 0, 139
Daniel L. Silver, + , 1, 0, 0, 1, 2, 0, 0, 0, 2, 0, 0, 3, 0, 1, 0, 0, 0, 1, 1, 0, 0, 1, 0, 0, 0, 0, 13, 5, 8, 0.38461538461538464, 2, 129
David W. Aha, + , 3, 0, 0, 2, 0, 0, 0, 1, 1, 0, 0, 0, 0, 0, 0, 0, 0, 0, 0, 0, 0, 1, 1, 0, 0, 0, 9, 4, 5, 0.4444444444444444, 1, 64
Robert S. Roos, + , 0, 1, 0, 0, 1, 0, 0, 0, 0, 0, 0, 0, 0, 0, 3, 0, 0, 3, 2, 1, 0, 0, 0, 0, 0, 0, 11, 4, 7, 0.36363636363636365, 1, 153
David Loewenstern, + , 1, 0, 0, 2, 3, 0, 0, 0, 1, 0, 0, 1, 0, 2, 1, 0, 0, 1, 1, 1, 0, 1, 1, 0, 0, 0, 16, 6, 10, 0.375, 1, 174
Eric Baum, - , 1, 1, 1, 0, 1, 0, 0, 0, 1, 0, 0, 0, 1, 0, 0, 0, 0, 1, 0, 0, 1, 0, 0, 0, 0, 0, 8, 4, 4, 0.5, 0, 64
John M. Zelle, + , 0, 0, 0, 0, 2, 0, 0, 1, 0, 1, 0, 2, 1, 1, 1, 0, 0, 0, 0, 0, 0, 0, 0, 0, 0, 1, 10, 3, 7, 0.3, 1, 110
Arun Sharma, - , 3, 0, 0, 0, 0, 0, 0, 1, 0, 0, 0, 0, 1, 1, 0, 0, 0, 2, 1, 0, 1, 0, 0, 0, 0, 0, 10, 4, 6, 0.4, 1, 104
Ronitt Rubinfeld, + , 0, 1, 0, 1, 1, 1, 0, 0, 2, 0, 0, 1, 0, 2, 1, 0, 0, 2, 0, 2, 1, 0, 0, 0, 0, 0, 15, 5, 10, 0.3333333333333333, 1, 172
Thomas Ellman, - , 2, 0, 0, 0, 1, 0, 0, 1, 0, 0, 0, 2, 2, 1, 1, 0, 0, 0, 1, 1, 0, 0, 0, 0, 0, 0, 12, 4, 8, 0.3333333333333333, 1, 121
Aaron Feigelson, + , 2, 0, 0, 0, 2, 1, 1, 0, 1, 0, 0, 1, 0, 2, 2, 0, 0, 1, 1, 0, 0, 0, 0, 0, 0, 0, 14, 7, 7, 0.5, 3, 127
Harris Drucker, + , 1, 0, 1, 1, 1, 0, 0, 1, 1, 0, 1, 0, 0, 0, 0, 0, 0, 4, 1, 0, 1, 0, 0, 0, 0, 0, 13, 4, 9, 0.3076923076923077, 0, 140
Carla E. Brodley, + , 2, 1, 1, 1, 2, 0, 0, 0, 0, 0, 0, 2, 0, 0, 1, 0, 0, 2, 0, 0, 0, 0, 0, 0, 1, 0, 13, 5, 8, 0.38461538461538464, 2, 108
Alexander M. Meystel, - , 2, 0, 0, 1, 4, 0, 0, 0, 0, 0, 0, 2, 2, 1, 0, 0, 0, 1, 1, 1, 0, 0, 0, 1, 1, 0, 17, 6, 11, 0.35294117647058826, 2, 179
Maja Mataric, + , 4, 0, 1, 0, 0, 0, 0, 0, 1, 1, 0, 0, 2, 0, 0, 0, 0, 1, 0, 1, 0, 0, 0, 0, 0, 0, 11, 5, 6, 0.45454545454545453, 1, 79
Leonard Pitt, + , 1, 0, 0, 1, 1, 0, 0, 0, 1, 0, 0, 1, 0, 1, 1, 1, 0, 1, 0, 2, 0, 0, 0, 0, 0, 0, 11, 4, 7, 0.36363636363636365, 0, 123
Eyal Kushilevitz, - , 1, 0, 0, 0, 2, 0, 0, 1, 2, 0, 1, 2, 0, 0, 0, 0, 0, 0, 1, 1, 1, 1, 0, 0, 1, 1, 15, 6, 9, 0.4, 2, 190
Long-Ji Lin, + , 0, 0, 0, 0, 0, 0, 1, 0, 2, 1, 0, 2, 0, 2, 1, 0, 0, 0, 0, 0, 0, 0, 0, 0, 0, 0, 9, 3, 6, 0.3333333333333333, 1, 93
Ameur Foued, - , 1, 0, 0, 1, 2, 1, 0, 0, 0, 0, 0, 0, 1, 0, 1, 0, 0, 1, 0, 0, 2, 0, 0, 0, 0, 0, 10, 6, 4, 0.6, 2, 99
Antoine Cornuejols, - , 1, 0, 1, 0, 2, 0, 0, 0, 1, 1, 0, 1, 0, 3, 3, 0, 0, 1, 1, 1, 1, 0, 0, 0, 0, 0, 17, 8, 9, 0.47058823529411764, 2, 193
Welton Becket, + , 0, 1, 1, 0, 3, 0, 0, 0, 0, 0, 1, 1, 0, 1, 1, 0, 0, 0, 0, 2, 0, 0, 1, 0, 0, 0, 12, 4, 8, 0.3333333333333333, 1, 123
Haym Hirsh, + , 1, 0, 0, 0, 0, 0, 0, 3, 1, 0, 0, 0, 1, 0, 0, 0, 0, 1, 1, 0, 0, 0, 0, 0, 1, 0, 9, 2, 7, 0.2222222222222222, 0, 100
Hiroshi Motoda, + , 1, 0, 0, 1, 0, 0, 0, 2, 2, 0, 0, 0, 1, 0, 3, 0, 0, 1, 1, 1, 0, 0, 0, 0, 0, 0, 13, 6, 7, 0.46153846153846156, 2, 141
John Fischer, + , 0, 0, 1, 0, 1, 1, 0, 2, 1, 1, 0, 0, 0, 1, 1, 0, 0, 1, 1, 0, 0, 0, 0, 0, 0, 0, 11, 3, 8, 0.2727272727272727, 0, 104
George A. Drastal, + , 3, 0, 0, 1, 2, 0, 2, 0, 0, 0, 0, 1, 0, 0, 1, 0, 0, 2, 1, 1, 0, 0, 0, 0, 0, 0, 14, 6, 8, 0.42857142857142855, 2, 119
William Cohen, + , 1, 0, 1, 0, 1, 0, 0, 1, 2, 0, 0, 2, 1, 1, 1, 0, 0, 0, 0, 0, 0, 0, 1, 0, 0, 0, 12, 5, 7, 0.4166666666666667, 1, 112
Jing Peng, + , 0, 0, 0, 0, 1, 0, 2, 0, 1, 1, 0, 0, 0, 2, 0, 1, 0, 0, 0, 0, 0, 0, 0, 0, 0, 0, 8, 2, 6, 0.25, 0, 74
Alma Whitten, - , 2, 0, 0, 0, 1, 0, 0, 1, 1, 0, 0, 1, 1, 1, 0, 0, 0, 0, 0, 2, 0, 0, 1, 0, 0, 0, 11, 4, 7, 0.36363636363636365, 1, 115
David Haussler, + , 2, 0, 0, 2, 1, 0, 0, 1, 1, 0, 0, 1, 0, 0, 0, 0, 0, 1, 2, 0, 1, 1, 0, 0, 0, 0, 13, 5, 8, 0.38461538461538464, 1, 130
Joel Ratsaby, + , 2, 1, 0, 0, 1, 0, 0, 0, 0, 1, 0, 1, 0, 0, 1, 0, 0, 1, 1, 1, 0, 0, 0, 0, 1, 0, 11, 4, 7, 0.36363636363636365, 1, 117
L. Thorne McCarty, - , 1, 0, 2, 0, 1, 0, 0, 1, 0, 0, 0, 1, 1, 1, 1, 0, 0, 2, 0, 2, 0, 0, 0, 0, 1, 0, 14, 3, 11, 0.21428571428571427, 0, 161
Chen K. Tham, - , 1, 0, 1, 0, 1, 0, 0, 2, 0, 0, 1, 0, 1, 1, 0, 0, 0, 0, 0, 1, 0, 0, 0, 0, 0, 0, 9, 2, 7, 0.2222222222222222, 0, 74
Kan Deng, + , 1, 0, 0, 1, 1, 0, 1, 0, 0, 0, 1, 0, 0, 2, 0, 0, 0, 0, 0, 0, 0, 0, 0, 0, 0, 0, 7, 2, 5, 0.2857142857142857, 0, 49
Russell Greiner, + , 0, 0, 0, 0, 3, 0, 1, 0, 1, 0, 0, 2, 0, 1, 0, 0, 0, 3, 2, 0, 1, 0, 0, 0, 0, 0, 14, 5, 9, 0.35714285714285715, 1, 168
Steffen Lange, - , 1, 0, 0, 0, 3, 2, 1, 0, 0, 0, 0, 1, 0, 2, 0, 0, 0, 0, 1, 1, 0, 0, 0, 0, 0, 0, 12, 4, 8, 0.3333333333333333, 1, 102
Andrew W. Moore, - , 1, 0, 0, 1, 2, 0, 0, 0, 0, 0, 0, 0, 1, 1, 2, 0, 0, 2, 0, 0, 0, 0, 2, 0, 0, 0, 12, 5, 7, 0.4166666666666667, 2, 142
Armand Prieditis, - , 2, 0, 0, 2, 1, 0, 0, 0, 3, 0, 0, 0, 1, 1, 0, 1, 0, 2, 1, 1, 0, 0, 0, 0, 0, 0, 15, 6, 9, 0.4, 2, 145
Dunja Mladenic, + , 2, 0, 1, 2, 1, 0, 0, 0, 1, 1, 0, 1, 1, 2, 0, 0, 0, 0, 0, 0, 1, 0, 0, 0, 0, 0, 13, 5, 8, 0.38461538461538464, 1, 98
Jong-Hoon Oh, + , 0, 0, 0, 0, 0, 0, 1, 2, 0, 1, 0, 0, 0, 2, 4, 0, 0, 0, 0, 0, 0, 0, 0, 0, 0, 0, 10, 4, 6, 0.4, 1, 111
Ken Lang, + , 1, 0, 0, 0, 1, 0, 1, 0, 0, 0, 1, 1, 0, 2, 0, 0, 0, 0, 0, 0, 0, 0, 0, 0, 0, 0, 7, 2, 5, 0.2857142857142857, 0, 57
Bernhard Pfahringer, + , 2, 1, 0, 1, 2, 1, 1, 2, 1, 0, 0, 0, 0, 2, 0, 1, 0, 4, 0, 0, 0, 0, 0, 0, 0, 0, 18, 5, 13, 0.2777777777777778, 2, 154
Ronald L. Rivest, + , 1, 0, 0, 1, 1, 0, 0, 0, 1, 0, 0, 2, 0, 1, 1, 0, 0, 2, 1, 1, 0, 1, 0, 0, 0, 0, 13, 4, 9, 0.3076923076923077, 0, 156
Robert Williamson, + , 1, 1, 0, 0, 1, 0, 0, 0, 2, 0, 0, 2, 1, 1, 2, 0, 0, 2, 1, 1, 0, 0, 1, 0, 0, 0, 16, 6, 10, 0.375, 2, 189
Stuart Russell, - , 1, 0, 0, 0, 1, 0, 0, 0, 0, 0, 0, 2, 0, 0, 0, 0, 0, 2, 3, 2, 2, 0, 0, 0, 0, 0, 13, 4, 9, 0.3076923076923077, 1, 192
Andrew Y. Ng, - , 1, 0, 0, 1, 1, 0, 1, 0, 0, 0, 0, 0, 0, 2, 0, 0, 0, 1, 0, 0, 0, 0, 1, 0, 1, 0, 9, 2, 7, 0.2222222222222222, 0, 102
Efim Kinber, - , 0, 1, 0, 0, 2, 1, 0, 0, 2, 0, 1, 0, 1, 1, 0, 0, 0, 1, 0, 0, 0, 0, 0, 0, 0, 0, 10, 4, 6, 0.4, 2, 82
David Finton, + , 1, 0, 0, 2, 0, 1, 0, 0, 2, 0, 0, 0, 0, 2, 1, 0, 0, 0, 0, 1, 0, 1, 0, 0, 0, 0, 11, 4, 7, 0.36363636363636365, 1, 107
Mark Staley, + , 2, 0, 0, 0, 1, 0, 0, 0, 0, 0, 1, 1, 1, 0, 0, 0, 0, 1, 1, 1, 0, 0, 0, 0, 1, 0, 10, 3, 7, 0.3, 1, 115
Filippo Neri, + , 0, 0, 0, 0, 1, 1, 0, 0, 3, 0, 0, 1, 0, 1, 1, 2, 0, 1, 0, 0, 0, 0, 0, 0, 0, 0, 11, 5, 6, 0.45454545454545453, 1, 118
Jonathan Hodgson, + , 2, 0, 0, 1, 0, 0, 1, 2, 0, 1, 0, 0, 0, 3, 3, 0, 0, 0, 1, 1, 0, 0, 0, 0, 0, 0, 15, 5, 10, 0.3333333333333333, 2, 150
Dennis F. Kibler, + , 0, 1, 0, 1, 2, 1, 0, 0, 2, 0, 1, 1, 0, 2, 0, 0, 0, 1, 1, 0, 0, 0, 0, 0, 0, 0, 13, 4, 9, 0.3076923076923077, 2, 115
Michael J. Donahue, + , 2, 0, 1, 1, 2, 0, 0, 2, 1, 1, 0, 1, 1, 1, 1, 0, 0, 0, 0, 0, 1, 0, 0, 0, 0, 0, 15, 7, 8, 0.4666666666666667, 2, 114
